Date,SKU,Predicted_Demand
2026-01-01,SKU001,10.544897490288731
2026-01-02,SKU001,10.60843873677332
2026-01-03,SKU001,11.773167138378058
2026-01-04,SKU001,12.741601971833227
2026-01-05,SKU001,11.743270954552097
2026-01-06,SKU001,11.528262875617884
2026-01-07,SKU001,11.365472579328117
2026-01-01,SKU002,8.383705690113514
2026-01-02,SKU002,8.462066834916545
2026-01-03,SKU002,10.039957655822574
2026-01-04,SKU002,10.514234783598404
2026-01-05,SKU002,8.760515068418776
2026-01-06,SKU002,8.961142263181731
2026-01-07,SKU002,8.75437708218945
2026-01-01,SKU003,5.530058164107053
2026-01-02,SKU003,5.803241485448406
2026-01-03,SKU003,6.574468797749742
2026-01-04,SKU003,6.103196023656625
2026-01-05,SKU003,5.515621499117706
2026-01-06,SKU003,5.520457101345486
2026-01-07,SKU003,5.520457101345486
2026-01-01,SKU004,3.3845841270004424
2026-01-02,SKU004,3.397780668844054
2026-01-03,SKU004,3.614046721273578
2026-01-04,SKU004,3.614046721273578
2026-01-05,SKU004,3.383344003854706
2026-01-06,SKU004,3.4515342583733037
2026-01-07,SKU004,3.4851147362012145
2026-01-01,SKU005,14.958856591319382
2026-01-02,SKU005,15.147086280871767
2026-01-03,SKU005,16.999441275169826
2026-01-04,SKU005,17.20555820488715
2026-01-05,SKU005,15.237396585024461
2026-01-06,SKU005,15.26399040254693
2026-01-07,SKU005,15.236347854772808
2026-01-01,SKU006,5.812183147010185
2026-01-02,SKU006,5.803241485448406
2026-01-03,SKU006,7.399311687438194
2026-01-04,SKU006,6.800240539805497
2026-01-05,SKU006,6.474575209562838
2026-01-06,SKU006,6.479410811790618
2026-01-07,SKU006,6.774227174153421
2026-01-01,SKU007,21.232401811005484
2026-01-02,SKU007,20.59796134678868
2026-01-03,SKU007,25.55139176141907
2026-01-04,SKU007,25.558654991138447
2026-01-05,SKU007,22.454656804369325
2026-01-06,SKU007,23.06008872611437
2026-01-07,SKU007,21.33201276183856
2026-01-01,SKU008,14.331359708809282
2026-01-02,SKU008,14.698408925626978
2026-01-03,SKU008,15.703621703465751
2026-01-04,SKU008,15.587376251162771
2026-01-05,SKU008,13.504898116714205
2026-01-06,SKU008,13.51409692699377
2026-01-07,SKU008,13.61826086529206
2026-01-01,SKU009,9.654127799936196
2026-01-02,SKU009,9.815373126633345
2026-01-03,SKU009,10.704536974119465
2026-01-04,SKU009,10.72847170850151
2026-01-05,SKU009,8.626010489263445
2026-01-06,SKU009,8.77970729179752
2026-01-07,SKU009,8.974568522297803
2026-01-01,SKU010,14.480965595815245
2026-01-02,SKU010,15.256246655086583
2026-01-03,SKU010,16.94592362691535
2026-01-04,SKU010,17.023304561151896
2026-01-05,SKU010,15.107077666782185
2026-01-06,SKU010,14.920419459639268
2026-01-07,SKU010,15.181476854596529
2026-01-01,SKU011,3.2128702233583732
2026-01-02,SKU011,3.1214042614031166
2026-01-03,SKU011,3.0124509884772057
2026-01-04,SKU011,3.0124509884772057
2026-01-05,SKU011,2.8745564046872536
2026-01-06,SKU011,3.11180319864155
2026-01-07,SKU011,3.3881796060824874
2026-01-01,SKU012,22.664012544493247
2026-01-02,SKU012,21.02991424019412
2026-01-03,SKU012,24.295196633703494
2026-01-04,SKU012,26.03718189680474
2026-01-05,SKU012,22.424010704636874
2026-01-06,SKU012,23.02172717394277
2026-01-07,SKU012,22.804291068616028
2026-01-01,SKU013,9.685934702493146
2026-01-02,SKU013,10.359352830034746
2026-01-03,SKU013,11.710694103232793
2026-01-04,SKU013,11.547955359350722
2026-01-05,SKU013,9.467384906627892
2026-01-06,SKU013,10.367449124230085
2026-01-07,SKU013,10.47116947270595
2026-01-01,SKU014,15.581919627270027
2026-01-02,SKU014,16.56746821492001
2026-01-03,SKU014,18.621162525386033
2026-01-04,SKU014,17.8985877085543
2026-01-05,SKU014,16.131636222190593
2026-01-06,SKU014,16.757066219758425
2026-01-07,SKU014,16.827665408939048
2026-01-01,SKU015,3.7934412550506442
2026-01-02,SKU015,3.7934412550506442
2026-01-03,SKU015,3.614046721273578
2026-01-04,SKU015,3.614046721273578
2026-01-05,SKU015,3.4466986561455224
2026-01-06,SKU015,3.4851147362012145
2026-01-07,SKU015,3.7838401922890776
2026-01-01,SKU016,13.73616285476685
2026-01-02,SKU016,13.448071567955594
2026-01-03,SKU016,15.1539287563925
2026-01-04,SKU016,15.434836995477939
2026-01-05,SKU016,13.168535294281725
2026-01-06,SKU016,13.52627622585749
2026-01-07,SKU016,13.51409692699377
2026-01-01,SKU017,13.4845147900204
2026-01-02,SKU017,13.876508075427562
2026-01-03,SKU017,15.619027340429916
2026-01-04,SKU017,15.480078892412603
2026-01-05,SKU017,13.379421569538765
2026-01-06,SKU017,12.907820780089075
2026-01-07,SKU017,12.76619166344618
2026-01-01,SKU018,20.182115666485274
2026-01-02,SKU018,20.090561729397372
2026-01-03,SKU018,22.690177459710863
2026-01-04,SKU018,22.27301440166417
2026-01-05,SKU018,19.542378455563224
2026-01-06,SKU018,19.587943585446872
2026-01-07,SKU018,21.0313375034139
2026-01-01,SKU019,13.795966803785982
2026-01-02,SKU019,13.869317503967942
2026-01-03,SKU019,15.56396455753741
2026-01-04,SKU019,15.525301022324484
2026-01-05,SKU019,13.560224200368019
2026-01-06,SKU019,13.275720871828058
2026-01-07,SKU019,13.430200486594574
2026-01-01,SKU020,13.70165229478681
2026-01-02,SKU020,13.928524924633832
2026-01-03,SKU020,15.405233069893455
2026-01-04,SKU020,15.739753614895404
2026-01-05,SKU020,14.468319626961096
2026-01-06,SKU020,13.97144592921044
2026-01-07,SKU020,14.446470459315732
2026-01-01,SKU021,6.704423856445296
2026-01-02,SKU021,7.185891019292456
2026-01-03,SKU021,7.828565676891205
2026-01-04,SKU021,8.251645974645466
2026-01-05,SKU021,6.695001557937644
2026-01-06,SKU021,7.14799814004644
2026-01-07,SKU021,7.068593759576748
2026-01-01,SKU022,9.399088295911731
2026-01-02,SKU022,9.015463688577007
2026-01-03,SKU022,10.114324105314509
2026-01-04,SKU022,9.387295054685257
2026-01-05,SKU022,7.800447075244055
2026-01-06,SKU022,8.716472898972548
2026-01-07,SKU022,8.75437708218945
2026-01-01,SKU023,12.536714941182659
2026-01-02,SKU023,13.278135336056506
2026-01-03,SKU023,14.590456470179996
2026-01-04,SKU023,14.254018016196666
2026-01-05,SKU023,13.058254091071053
2026-01-06,SKU023,13.25240664995226
2026-01-07,SKU023,13.25240664995226
2026-01-01,SKU024,9.755926905576073
2026-01-02,SKU024,9.37633618180333
2026-01-03,SKU024,10.721445250344207
2026-01-04,SKU024,10.026473240197156
2026-01-05,SKU024,9.048204914422918
2026-01-06,SKU024,9.337090612081491
2026-01-07,SKU024,9.337090612081491
2026-01-01,SKU025,3.003631686698674
2026-01-02,SKU025,3.1214042614031166
2026-01-03,SKU025,3.517111591154851
2026-01-04,SKU025,3.3453976875127824
2026-01-05,SKU025,3.383344003854706
2026-01-06,SKU025,3.3881796060824874
2026-01-07,SKU025,3.3881796060824874
2026-01-01,SKU026,17.7773711569282
2026-01-02,SKU026,18.129505932161916
2026-01-03,SKU026,20.960364009841708
2026-01-04,SKU026,21.278598654290324
2026-01-05,SKU026,18.761146085769074
2026-01-06,SKU026,18.805927994131917
2026-01-07,SKU026,18.82403111016108
2026-01-01,SKU027,19.64614090567218
2026-01-02,SKU027,20.13297428735217
2026-01-03,SKU027,22.690177459710863
2026-01-04,SKU027,22.86539452532385
2026-01-05,SKU027,21.080000589071318
2026-01-06,SKU027,21.116413880732377
2026-01-07,SKU027,20.95568063829964
2026-01-01,SKU028,4.270931838486959
2026-01-02,SKU028,4.249503118363788
2026-01-03,SKU028,4.513965235768496
2026-01-04,SKU028,4.513965235768496
2026-01-05,SKU028,4.707976694629309
2026-01-06,SKU028,4.71281229685709
2026-01-07,SKU028,4.261330775725392
2026-01-01,SKU029,11.897617809472267
2026-01-02,SKU029,12.19613935272183
2026-01-03,SKU029,14.23406957390031
2026-01-04,SKU029,14.670519418292951
2026-01-05,SKU029,12.339299923566495
2026-01-06,SKU029,11.774892827438626
2026-01-07,SKU029,11.468567541932053
2026-01-01,SKU030,4.270931838486959
2026-01-02,SKU030,4.722413359618656
2026-01-03,SKU030,5.113322457023033
2026-01-04,SKU030,5.113322457023033
2026-01-05,SKU030,4.707976694629309
2026-01-06,SKU030,4.8972353818281125
2026-01-07,SKU030,4.8972353818281125
2026-01-01,SKU031,15.292560125595289
2026-01-02,SKU031,15.521819616366557
2026-01-03,SKU031,16.999441275169826
2026-01-04,SKU031,17.157931304141055
2026-01-05,SKU031,15.277577177295942
2026-01-06,SKU031,14.901776888473167
2026-01-07,SKU031,14.927881816110235
2026-01-01,SKU032,8.81313151999107
2026-01-02,SKU032,8.992929538397979
2026-01-03,SKU032,10.852508974886561
2026-01-04,SKU032,10.704536974119465
2026-01-05,SKU032,8.781012619768322
2026-01-06,SKU032,9.294672599592191
2026-01-07,SKU032,9.711206542942364
2026-01-01,SKU033,14.455644227009728
2026-01-02,SKU033,14.663405309513648
2026-01-03,SKU033,16.26120141177381
2026-01-04,SKU033,16.37621212548266
2026-01-05,SKU033,14.872177829340778
2026-01-06,SKU033,13.568175446724387
2026-01-07,SKU033,13.118973845032059
2026-01-01,SKU034,16.089574074298266
2026-01-02,SKU034,15.93751089219401
2026-01-03,SKU034,17.034018439998846
2026-01-04,SKU034,16.900794020389498
2026-01-05,SKU034,14.82304401883945
2026-01-06,SKU034,14.735119703647626
2026-01-07,SKU034,15.236347854772808
2026-01-01,SKU035,16.757069319247968
2026-01-02,SKU035,16.07170104577574
2026-01-03,SKU035,17.20555820488715
2026-01-04,SKU035,17.275048226817653
2026-01-05,SKU035,14.727168457291258
2026-01-06,SKU035,15.236347854772808
2026-01-07,SKU035,15.179317010162764
2026-01-01,SKU036,4.249503118363788
2026-01-02,SKU036,4.26092393112411
2026-01-03,SKU036,4.513965235768496
2026-01-04,SKU036,4.513965235768496
2026-01-05,SKU036,4.235066453374441
2026-01-06,SKU036,4.239902055602221
2026-01-07,SKU036,4.251322868362544
2026-01-01,SKU037,20.67966776770944
2026-01-02,SKU037,20.117528241203622
2026-01-03,SKU037,22.352257667168658
2026-01-04,SKU037,22.799892751144988
2026-01-05,SKU037,20.11657912669015
2026-01-06,SKU037,20.14790805248927
2026-01-07,SKU037,19.575466707245138
2026-01-01,SKU038,8.53232768589882
2026-01-02,SKU038,8.988096880139455
2026-01-03,SKU038,10.79879566823881
2026-01-04,SKU038,11.386375614956629
2026-01-05,SKU038,9.619726822734405
2026-01-06,SKU038,10.39175290358392
2026-01-07,SKU038,9.889203327386584
2026-01-01,SKU039,3.4611353211348703
2026-01-02,SKU039,3.2260667652019848
2026-01-03,SKU039,3.517111591154851
2026-01-04,SKU039,3.614046721273578
2026-01-05,SKU039,3.7790045900612963
2026-01-06,SKU039,4.239902055602221
2026-01-07,SKU039,3.7838401922890776
2026-01-01,SKU040,8.329562569069934
2026-01-02,SKU040,8.7300012568142
2026-01-03,SKU040,10.035443826550177
2026-01-04,SKU040,10.545232615081348
2026-01-05,SKU040,9.49953782063038
2026-01-06,SKU040,9.693929221745833
2026-01-07,SKU040,9.726953605961857
2026-01-01,SKU041,8.991656825762886
2026-01-02,SKU041,8.8157697998182
2026-01-03,SKU041,9.947288415972249
2026-01-04,SKU041,8.937374072072798
2026-01-05,SKU041,8.618984031106141
2026-01-06,SKU041,8.761448374422924
2026-01-07,SKU041,8.433411725096834
2026-01-01,SKU042,19.573260714309217
2026-01-02,SKU042,19.847281483647162
2026-01-03,SKU042,20.97824786114164
2026-01-04,SKU042,21.60584479282483
2026-01-05,SKU042,19.35374327060129
2026-01-06,SKU042,18.818304027653717
2026-01-07,SKU042,18.86310529254547
2026-01-01,SKU043,22.47838396197204
2026-01-02,SKU043,21.81875551673332
2026-01-03,SKU043,26.341072658425947
2026-01-04,SKU043,25.959908552428537
2026-01-05,SKU043,22.964375735258173
2026-01-06,SKU043,23.112616273187943
2026-01-07,SKU043,23.443982016876195
2026-01-01,SKU044,8.297039039181245
2026-01-02,SKU044,7.960297510376352
2026-01-03,SKU044,8.83469490253374
2026-01-04,SKU044,8.965917201728468
2026-01-05,SKU044,7.320209637222028
2026-01-06,SKU044,7.068593759576748
2026-01-07,SKU044,7.320125534515101
2026-01-01,SKU045,22.90739366082451
2026-01-02,SKU045,21.833754509183194
2026-01-03,SKU045,24.252583480146058
2026-01-04,SKU045,24.973440165855905
2026-01-05,SKU045,21.435687809470025
2026-01-06,SKU045,21.423342061054942
2026-01-07,SKU045,21.272211062710642
2026-01-01,SKU046,6.704423856445296
2026-01-02,SKU046,7.185891019292456
2026-01-03,SKU046,7.569777513091731
2026-01-04,SKU046,7.577626943301557
2026-01-05,SKU046,6.557901725162272
2026-01-06,SKU046,5.793640422686839
2026-01-07,SKU046,6.479410811790618
2026-01-01,SKU047,12.731805289675856
2026-01-02,SKU047,13.837060159274662
2026-01-03,SKU047,15.38584432051973
2026-01-04,SKU047,15.595011186096327
2026-01-05,SKU047,13.881496293138254
2026-01-06,SKU047,13.122862013070323
2026-01-07,SKU047,12.76619166344618
2026-01-01,SKU048,5.530058164107053
2026-01-02,SKU048,5.803241485448406
2026-01-03,SKU048,6.800240539805497
2026-01-04,SKU048,6.800240539805497
2026-01-05,SKU048,6.474575209562838
2026-01-06,SKU048,6.479410811790618
2026-01-07,SKU048,6.479410811790618
2026-01-01,SKU049,20.786175700437425
2026-01-02,SKU049,20.540466803851388
2026-01-03,SKU049,22.016264502571076
2026-01-04,SKU049,20.287793049180713
2026-01-05,SKU049,17.704969786547434
2026-01-06,SKU049,18.973601477574817
2026-01-07,SKU049,18.86310529254547
2026-01-01,SKU050,8.528262834617896
2026-01-02,SKU050,8.725487427541802
2026-01-03,SKU050,9.951698559942482
2026-01-04,SKU050,10.580802202894322
2026-01-05,SKU050,8.823073339089024
2026-01-06,SKU050,8.954070970948257
2026-01-07,SKU050,9.016986534787103
