Snapshot_Date,SKU,Current_Stock,On_Order,Lead_Time_Days,Safety_Stock,Reorder_Point,Inventory_Value,Forecast_7_Day_Demand,Average_Daily_Demand,Days_of_Cover,Projected_Stock_7_Day,Stock_Buffer_vs_Safety,Lead_Time_Demand,Stock_Position,Stock_After_Lead_Time,Lead_Time_Risk,Below_Reorder_Point,Risk_Signal_Count,Risk_Category
2025-12-01,SKU001,771,147,4,159,289,2815160.01,80.30511174677143,11.472158820967348,67.20618255309233,837.6948882532286,678.6948882532286,45.88863528386939,918,872.1113647161307,0,0,0,Healthy
2025-12-01,SKU002,526,29,3,94,149,2974319.6,63.87599937824099,9.125142768320142,57.64293374412946,491.124000621759,397.124000621759,27.375428304960426,555,527.6245716950395,0,0,0,Healthy
2025-12-01,SKU003,349,12,3,88,123,2145941.67,40.5675001727705,5.795357167538643,60.220619697927,320.4324998272295,232.4324998272295,17.386071502615927,361,343.61392849738405,0,0,0,Healthy
2025-12-01,SKU004,259,254,6,98,196,321905.92,24.330451236820878,3.475778748117268,74.51567512468768,488.66954876317914,390.66954876317914,20.85467248870361,513,492.1453275112964,0,0,0,Healthy
2025-12-01,SKU005,471,291,6,129,245,3500674.53,110.04867719459233,15.721239599227475,29.95946960970841,651.9513228054077,522.9513228054077,94.32743759536486,762,667.6725624046352,0,0,0,Healthy
2025-12-01,SKU006,359,485,13,129,340,2378877.6,45.54319005520916,6.506170007887023,55.17839213620406,798.4568099447908,669.4568099447908,84.5802101025313,844,759.4197898974687,0,0,0,Healthy
2025-12-01,SKU007,207,460,8,98,237,941442.21,159.78716820267394,22.826738314667704,9.068312658010745,507.2128317973261,409.2128317973261,182.61390651734163,667,484.38609348265834,0,0,0,Healthy
2025-12-01,SKU008,325,155,3,91,161,2165845.5,100.95802249806482,14.422574642580688,22.534118079062093,379.0419775019352,288.0419775019352,43.26772392774207,480,436.73227607225795,0,0,0,Healthy
2025-12-01,SKU009,75,89,7,63,131,224818.5,67.28279591254929,9.611827987507041,7.802886204110304,96.71720408745071,33.71720408745071,67.28279591254929,164,96.71720408745071,0,0,0,Healthy
2025-12-01,SKU010,83,70,13,22,60,595250.27,108.91541441998706,15.559344917141008,5.334414812577537,44.08458558001294,22.08458558001294,202.2714839228331,153,-49.27148392283311,1,0,1,High Risk
2025-12-01,SKU011,753,269,3,179,247,2911918.77,21.733715671127193,3.104816524446742,242.5264082663241,1000.2662843288728,821.2662843288728,9.314449573340227,1022,1012.6855504266598,0,0,0,Healthy
2025-12-01,SKU012,47,60,12,16,58,67949.78,162.2763342623913,23.182333466055898,2.027405915319891,-55.27633426239129,-71.27633426239129,278.1880015926708,107,-171.1880015926708,1,0,1,High Risk
2025-12-01,SKU013,151,95,4,32,61,1169978.2,73.60994049867533,10.515705785525046,14.359473636838786,172.39005950132469,140.39005950132469,42.062823142100186,246,203.93717685789983,0,0,0,Healthy
2025-12-01,SKU014,309,334,10,130,299,964407.54,118.38550592701844,16.912215132431207,18.270817724371028,524.6144940729815,394.61449407298153,169.12215132431209,643,473.8778486756879,0,0,0,Healthy
2025-12-01,SKU015,187,245,9,119,265,235038.43,25.53062953728426,3.6472327910406084,51.27174784657664,406.46937046271574,287.46937046271574,32.82509511936548,432,399.17490488063453,0,0,0,Healthy
2025-12-01,SKU016,255,187,11,30,129,512180.25,97.98190862172586,13.99741551738941,18.21764879975206,344.0180913782741,314.0180913782741,153.97157069128352,442,288.02842930871645,0,0,0,Healthy
2025-12-01,SKU017,95,26,12,108,274,636809.7,97.5135631113645,13.930509015909214,6.8195641588908265,23.486436888635495,-84.5135631113645,167.16610819091056,121,-46.16610819091056,1,1,2,High Risk
2025-12-01,SKU018,235,102,8,66,184,627647.4,145.3975288016817,20.771075543097385,11.313809894552854,191.6024711983183,125.60247119831831,166.16860434477908,337,170.83139565522092,0,0,0,Healthy
2025-12-01,SKU019,227,114,14,25,126,738421.92,99.02069544640648,14.145813635200925,16.04715047532688,241.97930455359352,216.97930455359352,198.04139089281296,341,142.95860910718704,0,0,0,Healthy
2025-12-01,SKU020,1002,353,3,129,227,5550418.68,101.66139991969676,14.523057131385253,68.99373809076424,1253.3386000803032,1124.3386000803032,43.56917139415576,1355,1311.4308286058442,0,0,0,Healthy
2025-12-01,SKU021,88,97,9,36,88,27021.28,50.882119984835256,7.268874283547894,12.106413808693322,134.11788001516476,98.11788001516476,65.41986855193105,185,119.58013144806895,0,0,0,Healthy
2025-12-01,SKU022,95,194,8,76,163,513246.05,63.18746820089456,9.026781171556365,10.524238728567786,225.81253179910544,149.81253179910544,72.21424937245092,289,216.78575062754908,0,0,0,Healthy
2025-12-01,SKU023,130,79,12,41,148,494858.0,94.2223921545914,13.4603417363702,9.65800144945329,114.7776078454086,73.7776078454086,161.52410083644241,209,47.475899163557585,0,0,0,Healthy
2025-12-01,SKU024,341,18,14,60,259,454699.63,67.60256771650667,9.657509673786667,35.30930969974327,291.39743228349334,231.39743228349334,135.20513543301334,359,223.79486456698666,0,0,0,Healthy
2025-12-01,SKU025,1124,61,14,121,582,4384724.0,23.147248442789106,3.306749777541301,339.91081140579627,1161.852751557211,1040.852751557211,46.29449688557821,1185,1138.7055031144218,0,0,0,Healthy
2025-12-01,SKU026,160,70,5,31,59,988598.4,134.53694494328423,19.219563563326318,8.324850846525097,95.46305505671577,64.46305505671577,96.09781781663159,230,133.9021821833684,0,0,0,Healthy
2025-12-01,SKU027,567,103,3,83,133,2599048.62,148.4867822861624,21.21239746945177,26.7296518847784,521.5132177138375,438.51321771383755,63.637192408355304,670,606.3628075916447,0,0,0,Healthy
2025-12-01,SKU028,174,55,11,114,337,85058.16,31.23048519559953,4.461497885085647,39.000354697390996,197.76951480440047,83.76951480440047,49.076476735942116,229,179.92352326405788,0,1,1,Medium Risk
2025-12-01,SKU029,261,520,5,196,329,891602.1,88.58110644732453,12.654443778189219,20.62516571845307,692.4188935526755,496.4188935526755,63.27221889094609,781,717.7277811090539,0,0,0,Healthy
2025-12-01,SKU030,166,32,9,43,104,342462.98,33.722437570437215,4.81749108149103,34.457770069939066,164.27756242956278,121.27756242956278,43.35741973341927,198,154.64258026658072,0,0,0,Healthy
2025-12-01,SKU031,93,40,13,28,113,234857.55,110.07898820315208,15.72556974330744,5.913935171702085,22.92101179684792,-5.078988203152079,204.43240666299673,133,-71.43240666299673,1,0,1,High Risk
2025-12-01,SKU032,278,214,11,60,185,1269626.0,67.14999876969794,9.592856967099706,28.979896286731584,424.85000123030204,364.85000123030204,105.52142663809677,492,386.4785733619032,0,0,0,Healthy
2025-12-01,SKU033,208,168,12,55,183,707096.0,103.31579019487708,14.759398599268154,14.092715133414291,272.6842098051229,217.68420980512292,177.11278319121786,376,198.88721680878214,0,0,0,Healthy
2025-12-01,SKU034,34,103,5,34,58,52497.36,110.75640900414051,15.822344143448644,2.1488598460347577,26.243590995859492,-7.756409004140508,79.11172071724322,137,57.888279282756784,0,0,0,Healthy
2025-12-01,SKU035,670,76,8,137,304,3918347.6,112.45221011895534,16.06460144556505,41.70660581093761,633.5477898810447,496.54778988104465,128.5168115645204,746,617.4831884354796,0,0,0,Healthy
2025-12-01,SKU036,383,135,3,77,129,574446.38,30.264648898364097,4.323521271194871,88.58520080650652,487.7353511016359,410.7353511016359,12.970563813584615,518,505.0294361864154,0,0,0,Healthy
2025-12-01,SKU037,355,687,8,315,644,2004500.4,145.78930031365127,20.827042901950183,17.045146623612077,896.2106996863488,581.2106996863488,166.61634321560146,1042,875.3836567843986,0,0,0,Healthy
2025-12-01,SKU038,159,310,12,56,175,509262.69,69.60627890293863,9.943754128991232,15.989936792225386,399.39372109706136,343.39372109706136,119.32504954789479,469,349.67495045210524,0,0,0,Healthy
2025-12-01,SKU039,93,35,3,17,31,284026.65,25.62110723671788,3.6601581766739826,25.40873795910916,102.37889276328212,85.37889276328212,10.980474530021947,128,117.01952546997805,0,0,0,Healthy
2025-12-01,SKU040,67,29,9,36,93,78024.85,66.56066091585373,9.508665845121962,7.046204072295973,29.43933908414627,-6.560660915853731,85.57799260609767,96,10.422007393902334,0,0,0,Healthy
2025-12-01,SKU041,440,40,4,78,139,2496001.2,62.505933244252034,8.929419034893147,49.27532219964467,417.49406675574795,339.49406675574795,35.71767613957259,480,444.2823238604274,0,0,0,Healthy
2025-12-01,SKU042,90,120,6,41,88,698500.8,139.0397874427233,19.8628267775319,4.53107712250729,70.96021255727669,29.96021255727669,119.1769606651914,210,90.8230393348086,0,0,0,Healthy
2025-12-01,SKU043,559,211,12,142,393,2086495.45,166.11909471488215,23.731299244983166,23.555389624028845,603.8809052851178,461.8809052851178,284.775590939798,770,485.224409060202,0,0,0,Healthy
2025-12-01,SKU044,223,39,5,55,93,222337.69,55.76687758513368,7.9666967978762395,27.99152593072794,206.23312241486633,151.23312241486633,39.8334839893812,262,222.1665160106188,0,0,0,Healthy
2025-12-01,SKU045,307,142,4,88,142,558224.24,158.09841274924528,22.585487535606468,13.592799337008264,290.9015872507547,202.9015872507547,90.34195014242587,449,358.65804985757416,0,0,0,Healthy
2025-12-01,SKU046,119,182,4,46,96,563935.05,47.86867229177077,6.838381755967253,17.401777825018204,253.13132770822924,207.13132770822924,27.353527023869013,301,273.646472976131,0,0,0,Healthy
2025-12-01,SKU047,201,129,9,44,99,1231834.53,97.32027092522134,13.902895846460192,14.457419678589947,232.67972907477866,188.67972907477866,125.12606261814173,330,204.87393738185827,0,0,0,Healthy
2025-12-01,SKU048,106,50,3,22,31,381464.32,44.36717756231053,6.3381682231872185,16.72407488526657,111.63282243768947,89.63282243768947,19.014504669561656,156,136.98549533043834,0,0,0,Healthy
2025-12-01,SKU049,780,599,5,206,344,4123321.8,139.17237661270832,19.88176808752976,39.23192326588054,1239.8276233872916,1033.8276233872916,99.4088404376488,1379,1279.591159562351,0,0,0,Healthy
2025-12-01,SKU050,328,525,14,69,316,1138983.28,64.58038186982088,9.225768838545841,35.552592498263714,788.4196181301791,719.4196181301791,129.16076373964177,853,723.8392362603582,0,0,0,Healthy
